-- CREATE TABLE IF NOT EXISTS public.employees
-- (
-- 	emp_id VARCHAR(7) PRIMARY KEY,
-- 	email VARCHAR(50) UNIQUE NOT NULL,
-- 	is_active INT DEFAULT 1,
-- 		CHECK (is_active IN(0,1))
-- )

-- TABLESPACE pg_default;

-- ALTER TABLE IF EXISTS public.employees
--     OWNER to postgres;


-- INSERT INTO employees (emp_id, email, is_active)
-- VALUES
-- 	('ID10001', 'jane.doe@mail.com', 1),
-- 	('ID12345', 'henry.roberts@mail.com', 1),
-- 	('ID88888', 'grace.payne@mail.com', 1),
-- 	('ID54321', 'sophia.jones@mail.com', 1),
-- 	('ID87000', 'sam.smith@mail.com', 0);

-- SELECT * FROM employees


CREATE TABLE IF NOT EXISTS public.registeredusers
(
	emp_id VARCHAR(7) PRIMARY KEY,
	username VARCHAR(16) UNIQUE NOT NULL,
	userpassword VARCHAR(32) NOT NULL,
	firstname VARCHAR(64) NOT NULL,
	lastname VARCHAR(64) NOT NULL,
	email VARCHAR(64) UNIQUE NOT NULL,
	created_timestamp TIMESTAMP DEFAULT NOW(),
	is_active INT DEFAULT 1,
		CHECK (is_active IN(0,1))
)

TABLESPACE pg_default;

ALTER TABLE IF EXISTS public.registeredusers
    OWNER to postgres;

INSERT INTO registeredusers (emp_id, username, userpassword, firstname, lastname, email, created_timestamp, is_active)
VALUES
	('ID10001', 'jdoe', 'doe10001', 'Jane', 'Doe', 'jane.doe@mail.com', NOW(), 1),
	('ID12345', 'hroberts', 'roberts12345', 'Henry', 'Roberts', 'henry.roberts@mail.com', NOW(), 1),
	('ID88888', 'gpayne', 'payne88888', 'Grace', 'Payne', 'grace.payne@mail.com', NOW(), 1),
	('ID54321', 'sjones', 'jones54321', 'Sophia', 'Jones', 'sophia.jones@mail.com', NOW(), 1),
	('ID87000', 'ssmith', 'ssmith87000', 'Sam', 'Smith', 'sam.smith@mail.com', NOW(), 0);

SELECT * FROM registeredusers;

CREATE TABLE IF NOT EXISTS public.shops
(
	outletid NUMERIC(16) PRIMARY KEY,
	ad_longitude DECIMAL(7,4) NOT NULL,
		CHECK (ad_longitude BETWEEN 103.6000 AND 104.0500), --Singapore's long bounding box
	ad_latitude DECIMAL(5,4) NOT NULL,
		CHECK (ad_latitude BETWEEN 1.2200 AND 1.4700), --Singapore's lat bounding box
	shopsize TEXT NOT NULL,
		CHECK (shopsize IN('XSMALL', 'SMALL', 'MEDIUM', 'LARGE', 'XLARGE')),
	retailer TEXT NOT NULL,
		CHECK (retailer IN('TANGS', 'BHG', 'COURTS', 'HARVEY NORMAN', 'GAIN CITY', 'BEST DENKI', 'MUSTAFA', 'PARISILK ELECTRONICS', 'AUDIO HOUSE', 'MEGA DISCOUNT', 'MAYER MARKETING')),
	channel VARCHAR(64) NOT NULL,
		CHECK (channel IN('Department Stores', 'Electrical Specialists', 'Technical Superstores')),
	region TEXT NOT NULL,
		CHECK (region IN('CENTRAL REG SG', 'EAST REGION SG', 'NORTH EAST SG', 'NORTH REG SG', 'WEST REG SG')),
	copies TEXT NOT NULL,
		CHECK (copies IN('REGULAR', 'MODELED', 'COPY_AND_CREATE')),
	ext_factor DECIMAL(4, 2) NOT NULL,
	audit_date DATE DEFAULT NOW(),
	is_active INT DEFAULT 1,
		CHECK (is_active IN(0,1))
)

TABLESPACE pg_default;

ALTER TABLE IF EXISTS public.shops
    OWNER to postgres;

INSERT INTO shops (outletid, ad_longitude, ad_latitude, shopsize, retailer, channel, region, copies, ext_factor, audit_date, is_active)
VALUES
	(1427, 103.802352, 1.3412, 'XLARGE', 'TANGS', 'Department Stores', 'CENTRAL REG SG', 'COPY_AND_CREATE', 1, '2025-01-07', 1), 
	(1867, 103.845223, 1.311467, 'XLARGE', 'BHG', 'Department Stores', 'CENTRAL REG SG', 'COPY_AND_CREATE', 1, '2025-04-21', 1), 
	(4884, 103.833304, 1.298835, 'LARGE', 'COURTS', 'Electrical Specialists', 'CENTRAL REG SG', 'REGULAR', 1, '2025-01-04', 1), 
	(4601, 103.806303, 1.315835, 'LARGE', 'HARVEY NORMAN', 'Electrical Specialists', 'CENTRAL REG SG', 'COPY_AND_CREATE', 1, '2024-12-14', 1), 
	(2795, 103.805664, 1.336388, 'LARGE', 'GAIN CITY', 'Electrical Specialists', 'CENTRAL REG SG', 'REGULAR', 1, '2025-04-21', 1), 
	(3060, 103.803095, 1.35077, 'LARGE', 'BEST DENKI', 'Electrical Specialists', 'CENTRAL REG SG', 'REGULAR', 1, '2024-10-09', 1), 
	(4885, 103.8102, 1.345105, 'LARGE', 'BEST DENKI', 'Electrical Specialists', 'CENTRAL REG SG', 'REGULAR', 1, '2024-10-11', 1), 
	(5155, 103.867832, 1.286522, 'LARGE', 'BEST DENKI', 'Electrical Specialists', 'CENTRAL REG SG', 'REGULAR', 1, '2024-11-23', 1), 
	(3047, 103.840389, 1.351732, 'LARGE', 'COURTS', 'Technical Superstores', 'CENTRAL REG SG', 'REGULAR', 1, '2024-10-09', 1), 
	(3064, 103.843208, 1.308872, 'LARGE', 'BEST DENKI', 'Technical Superstores', 'CENTRAL REG SG', 'REGULAR', 1, '2025-04-18', 1), 
	(5111, 103.806338, 1.304051, 'XLARGE', 'HARVEY NORMAN', 'Technical Superstores', 'CENTRAL REG SG', 'COPY_AND_CREATE', 1, '2025-04-30', 1), 
	(4596, 103.815131, 1.306433, 'XLARGE', 'HARVEY NORMAN', 'Technical Superstores', 'CENTRAL REG SG', 'COPY_AND_CREATE', 1, '2024-11-02', 1), 
	(1423, 103.855228, 1.31406, 'XLARGE', 'MUSTAFA', 'Department Stores', 'CENTRAL REG SG', 'REGULAR', 1, '2025-01-06', 1), 
	(1554, 103.841048, 1.323148, 'LARGE', 'COURTS', 'Electrical Specialists', 'CENTRAL REG SG', 'REGULAR', 1, '2025-02-13', 1), 
	(3056, 103.849038, 1.33776, 'LARGE', 'BEST DENKI', 'Electrical Specialists', 'CENTRAL REG SG', 'REGULAR', 1, '2024-11-23', 1), 
	(3063, 103.84157, 1.355218, 'LARGE', 'BEST DENKI', 'Electrical Specialists', 'CENTRAL REG SG', 'REGULAR', 1, '2024-11-23', 1), 
	(4000, 103.812795, 1.346215, 'LARGE', 'PARISILK ELECTRONICS', 'Electrical Specialists', 'CENTRAL REG SG', 'COPY_AND_CREATE', 1, '2024-11-24', 1), 
	(4001, 103.806444, 1.280512, 'LARGE', 'PARISILK ELECTRONICS', 'Electrical Specialists', 'CENTRAL REG SG', 'COPY_AND_CREATE', 1, '2025-04-30', 1), 
	(0871, 103.835949, 1.339235, 'LARGE', 'AUDIO HOUSE', 'Technical Superstores', 'CENTRAL REG SG', 'REGULAR', 1, '2025-01-11', 1), 
	(4693, 103.819609, 1.29257, 'XLARGE', 'HARVEY NORMAN', 'Technical Superstores', 'CENTRAL REG SG', 'COPY_AND_CREATE', 1, '2025-03-29', 1), 
	(3823, 103.824982, 1.32759, 'XLARGE', 'MEGA DISCOUNT', 'Technical Superstores', 'CENTRAL REG SG', 'COPY_AND_CREATE', 1, '2024-11-02', 1), 
	(2860, 103.833245, 1.337374, 'LARGE', 'COURTS', 'Technical Superstores', 'CENTRAL REG SG', 'REGULAR', 1, '2025-04-25', 1), 
	(3065, 103.860128, 1.323565, 'LARGE', 'BEST DENKI', 'Technical Superstores', 'CENTRAL REG SG', 'REGULAR', 1, '2024-12-14', 1), 
	(3723, 103.842953, 1.29965, 'LARGE', 'MEGA DISCOUNT', 'Technical Superstores', 'CENTRAL REG SG', 'COPY_AND_CREATE', 1, '2024-11-02', 1), 
	(1526, 103.938311, 1.328547, 'LARGE', 'COURTS', 'Electrical Specialists', 'EAST REGION SG', 'REGULAR', 1, '2025-04-18', 1), 
	(4834, 103.979173, 1.35967, 'LARGE', 'COURTS', 'Electrical Specialists', 'EAST REGION SG', 'REGULAR', 1, '2024-11-24', 1), 
	(3727, 103.946574, 1.336707, 'LARGE', 'HARVEY NORMAN', 'Electrical Specialists', 'EAST REGION SG', 'COPY_AND_CREATE', 1, '2024-11-30', 1), 
	(4629, 103.940629, 1.356958, 'LARGE', 'GAIN CITY', 'Electrical Specialists', 'EAST REGION SG', 'REGULAR', 1, '2025-03-04', 1), 
	(3931, 103.984461, 1.358403, 'LARGE', 'BEST DENKI', 'Electrical Specialists', 'EAST REGION SG', 'REGULAR', 1, '2025-03-04', 1), 
	(1034, 103.954404, 1.31002, 'LARGE', 'PARISILK ELECTRONICS', 'Electrical Specialists', 'EAST REGION SG', 'COPY_AND_CREATE', 1, '2024-10-11', 1), 
	(2862, 103.96688, 1.313009, 'LARGE', 'COURTS', 'Technical Superstores', 'EAST REGION SG', 'REGULAR', 1, '2024-10-05', 1), 
	(4597, 103.982303, 1.319521, 'XLARGE', 'HARVEY NORMAN', 'Technical Superstores', 'EAST REGION SG', 'COPY_AND_CREATE', 1, '2024-11-30', 1), 
	(3124, 103.930695, 1.401124, 'LARGE', 'COURTS', 'Electrical Specialists', 'NORTH EAST SG', 'REGULAR', 1, '2024-11-30', 1), 
	(5110, 103.890177, 1.373241, 'LARGE', 'HARVEY NORMAN', 'Electrical Specialists', 'NORTH EAST SG', 'COPY_AND_CREATE', 2, '2025-01-06', 1), 
	(3729, 103.920405, 1.401004, 'LARGE', 'HARVEY NORMAN', 'Electrical Specialists', 'NORTH EAST SG', 'COPY_AND_CREATE', 1, '2025-01-11', 1), 
	(4305, 103.913487, 1.366875, 'LARGE', 'BEST DENKI', 'Electrical Specialists', 'NORTH EAST SG', 'REGULAR', 1, '2025-01-02', 1), 
	(2797, 103.924826, 1.37195, 'XLARGE', 'GAIN CITY', 'Electrical Specialists', 'NORTH EAST SG', 'REGULAR', 1, '2025-04-03', 1), 
	(2861, 103.915677, 1.380607, 'LARGE', 'COURTS', 'Technical Superstores', 'NORTH EAST SG', 'REGULAR', 1, '2024-11-27', 1), 
	(1500, 103.832374, 1.427815, 'LARGE', 'COURTS', 'Electrical Specialists', 'NORTH REG SG', 'REGULAR', 1, '2025-04-18', 1), 
	(0725, 103.808342, 1.441565, 'LARGE', 'PARISILK ELECTRONICS', 'Electrical Specialists', 'NORTH REG SG', 'COPY_AND_CREATE', 1, '2024-10-09', 1), 
	(4223, 103.783166, 1.452982, 'XLARGE', 'GAIN CITY', 'Technical Superstores', 'NORTH REG SG', 'REGULAR', 1, '2025-01-06', 1), 
	(1499, 103.706356, 1.312101, 'LARGE', 'COURTS', 'Electrical Specialists', 'WEST REG SG', 'REGULAR', 1, '2024-10-09', 1), 
	(3879, 103.697198, 1.325327, 'LARGE', 'COURTS', 'Electrical Specialists', 'WEST REG SG', 'REGULAR', 1, '2025-03-21', 1), 
	(3454, 103.769089, 1.322662, 'LARGE', 'COURTS', 'Electrical Specialists', 'WEST REG SG', 'REGULAR', 1, '2024-10-09', 1), 
	(2798, 103.737935, 1.33272, 'LARGE', 'COURTS', 'Electrical Specialists', 'WEST REG SG', 'REGULAR', 1, '2024-11-02', 1), 
	(3730, 103.746592, 1.34298, 'LARGE', 'HARVEY NORMAN', 'Electrical Specialists', 'WEST REG SG', 'COPY_AND_CREATE', 1, '2024-11-15', 1), 
	(3059, 103.749874, 1.383734, 'LARGE', 'BEST DENKI', 'Electrical Specialists', 'WEST REG SG', 'REGULAR', 1, '2025-03-21', 1), 
	(4881, 103.703968, 1.389436, 'LARGE', 'BEST DENKI', 'Electrical Specialists', 'WEST REG SG', 'REGULAR', 1, '2024-10-09', 1), 
	(4559, 103.743771, 1.344337, 'LARGE', 'BEST DENKI', 'Electrical Specialists', 'WEST REG SG', 'REGULAR', 1, '2025-03-04', 1), 
	(3262, 103.736273, 1.372632, 'LARGE', 'BEST DENKI', 'Electrical Specialists', 'WEST REG SG', 'REGULAR', 1, '2025-01-11', 1), 
	(3771, 103.699656, 1.370819, 'MEDIUM', 'MAYER MARKETING', 'Electrical Specialists', 'WEST REG SG', 'COPY_AND_CREATE', 1, '2024-12-27', 1); 

SELECT * FROM shops;

CREATE TABLE IF NOT EXISTS public.retailers
(
	retailer VARCHAR(64) PRIMARY KEY,
		CHECK (retailer IN('TANGS', 'BHG', 'COURTS', 'HARVEY NORMAN', 'GAIN CITY', 'BEST DENKI', 'MUSTAFA', 'PARISILK ELECTRONICS', 'AUDIO HOUSE', 'MEGA DISCOUNT', 'MAYER MARKETING')),
	orgtype VARCHAR(16) NOT NULL,
		CHECK (orgtype IN('CHAINS', 'INDEPENDENTS'))
)

TABLESPACE pg_default;

ALTER TABLE IF EXISTS public.retailers
    OWNER to postgres;

INSERT INTO retailers (retailer, orgtype)
VALUES
	('MUSTAFA', 'INDEPENDENTS'),
	('TANGS', 'INDEPENDENTS'),
	('BHG', 'INDEPENDENTS'),
	('COURTS', 'CHAINS'),
	('BEST DENKI', 'CHAINS'),
	('PARISILK ELECTRONICS', 'CHAINS'),
	('HARVEY NORMAN', 'CHAINS'),
	('GAIN CITY', 'CHAINS'),
	('MAYER MARKETING', 'INDEPENDENTS'),
	('AUDIO HOUSE', 'CHAINS'),
	('MEGA DISCOUNT', 'CHAINS');

SELECT * FROM retailers;


CREATE TABLE IF NOT EXISTS public.extrapolationcell
(
	shopsize TEXT NOT NULL,
		CHECK (shopsize IN('XSMALL', 'SMALL', 'MEDIUM', 'LARGE', 'XLARGE')),
	orgtype VARCHAR(16) NOT NULL,
		CHECK (orgtype IN('CHAINS', 'INDEPENDENTS')),
	channel VARCHAR(64) NOT NULL,
		CHECK (channel IN('Department Stores', 'Electrical Specialists', 'Technical Superstores')),
	region TEXT NOT NULL,
		CHECK (region IN('CENTRAL REG SG', 'EAST REGION SG', 'NORTH EAST SG', 'NORTH REG SG', 'WEST REG SG')),
	ext_factor DECIMAL(4, 2) NOT NULL,
	PRIMARY KEY (shopsize, orgtype, channel, region)
)

TABLESPACE pg_default;

ALTER TABLE IF EXISTS public.extrapolationcell
    OWNER to postgres;

INSERT INTO extrapolationcell (shopsize, orgtype, channel, region, ext_factor )
VALUES
('LARGE', 'CHAINS', 'Electrical Specialists', 'EAST REGION SG', 1.00),
('XLARGE', 'CHAINS', 'Electrical Specialists', 'NORTH EAST SG', 1.00),
('LARGE', 'CHAINS', 'Technical Superstores', 'NORTH EAST SG', 1.00),
('LARGE', 'CHAINS', 'Electrical Specialists', 'NORTH EAST SG', 1.25),
('LARGE', 'CHAINS', 'Technical Superstores', 'CENTRAL REG SG', 1.00),
('LARGE', 'CHAINS', 'Electrical Specialists', 'CENTRAL REG SG', 1.00),
('XLARGE', 'CHAINS', 'Technical Superstores', 'NORTH REG SG', 1.00),
('LARGE', 'CHAINS', 'Electrical Specialists', 'WEST REG SG', 1.00),
('XLARGE', 'CHAINS', 'Technical Superstores', 'EAST REGION SG', 1.00),
('LARGE', 'CHAINS', 'Technical Superstores', 'EAST REGION SG', 1.00),
('XLARGE', 'INDEPENDENTS', 'Department Stores', 'CENTRAL REG SG', 1.00),
('LARGE', 'CHAINS', 'Electrical Specialists', 'NORTH REG SG', 1.00),
('MEDIUM', 'INDEPENDENTS', 'Electrical Specialists', 'WEST REG SG', 1.00),
('XLARGE', 'CHAINS', 'Technical Superstores', 'CENTRAL REG SG', 1.00);


SELECT * FROM extrapolationcell;

CREATE TABLE IF NOT EXISTS public.items
(
	itemid SERIAL PRIMARY KEY,
	itemname VARCHAR(64) UNIQUE NOT NULL,
	productgroup VARCHAR(64) NOT NULL,
	brand VARCHAR(32) NOT NULL
)

TABLESPACE pg_default;

ALTER TABLE IF EXISTS public.items
    OWNER to postgres;

INSERT INTO items (itemid, itemname, productgroup, brand)
VALUES
	(149976736, 'DFB425FP', 'DISHWASHERS', 'LG'),
	(158043996, 'EBDW 1351 A WH', 'DISHWASHERS', 'ELBA'),
	(146597283, 'DFN05X11W', 'DISHWASHERS', 'BEKO'),
	(171641414, 'WFC3C26XAUS', 'DISHWASHERS', 'WHIRLPOOL'),
	(156338670, 'EDW 3050U', 'DISHWASHERS', 'EUROPACE'),
	(162803615, 'SMS46GW01P', 'DISHWASHERS', 'BOSCH'),
	(97823566, 'SMS63L02EA', 'DISHWASHERS', 'BOSCH'),
	(58664210, 'SMS50E82EU', 'DISHWASHERS', 'BOSCH'),
	(167766976, 'SMS2HAI12E', 'DISHWASHERS', 'BOSCH'),
	(143315315, 'SMS46IW20E', 'DISHWASHERS', 'BOSCH'),
	(165965380, 'SMS4ECI14E', 'DISHWASHERS', 'BOSCH'),
	(165618063, 'SMS8YCI01E', 'DISHWASHERS', 'BOSCH'),
	(165614392, 'SMI4HCS48E', 'DISHWASHERS', 'BOSCH'),
	(165866919, 'SMV6ZCX42E', 'DISHWASHERS', 'BOSCH'),
	(102485644, 'G 4920 SC', 'DISHWASHERS', 'MIELE'),
	(168386590, 'G 7360 C SCVI AUTODOS', 'DISHWASHERS', 'MIELE'),
	(155068774, 'G 7100 SC', 'DISHWASHERS', 'MIELE'),
	(168179252, 'G 7310 C SC AUTODOS', 'DISHWASHERS', 'MIELE'),
	(166661884, 'G 7310 C SCI AUTODOS', 'DISHWASHERS', 'MIELE'),
	(94681039, 'G 4960 SCVI', 'DISHWASHERS', 'MIELE'),
	(117971190, 'G 6993 SCVI K2O', 'DISHWASHERS', 'MIELE'),
	(166357990, 'SPS2HKW57E', 'DISHWASHERS', 'BOSCH'),
	(133569980, 'ESF6010BW', 'DISHWASHERS', 'ELECTROLUX'),
	(116300240, 'DD60SCTX9', 'DISHWASHERS', 'FISHER&PAYKEL'),
	(140199895, 'DD60STI9', 'DISHWASHERS', 'FISHER&PAYKEL'),
	(116156915, 'DD60DCX9', 'DISHWASHERS', 'FISHER&PAYKEL'),
	(116506432, 'DD60SCX9', 'DISHWASHERS', 'FISHER&PAYKEL'),
	(147284348, 'DFB325HS', 'DISHWASHERS', 'LG'),
	(147263475, 'DFB227HD', 'DISHWASHERS', 'LG'),
	(164516251, 'DWF128DW', 'DISHWASHERS', 'BRANDT'),
	(163010648, 'SKS62E32EU', 'DISHWASHERS', 'BOSCH'),
	(165827964, 'SPI2HKS59E', 'DISHWASHERS', 'BOSCH'),
	(125089977, 'VH1772J', 'DISHWASHERS', 'BRANDT'),
	(116120838, 'SMV68TX06E', 'DISHWASHERS', 'BOSCH'),
	(171511072, 'SMS2IVW01P', 'DISHWASHERS', 'BOSCH'),
	(159831788, 'DFB227HM', 'DISHWASHERS', 'LG'),
	(166588328, 'EBDW 1481M WH', 'DISHWASHERS', 'ELBA'),
	(156116514, 'CDPN2D360PW', 'DISHWASHERS', 'CANDY'),
	(168172066, 'CDPN 1L390PW-80', 'DISHWASHERS', 'CANDY'),
	(157615298, 'CDPN2D522PX', 'DISHWASHERS', 'CANDY'),
	(159694565, 'CDPMN 4S622PX', 'DISHWASHERS', 'CANDY'),
	(122212884, 'WFC 3C26 F UK', 'DISHWASHERS', 'WHIRLPOOL'),
	(124184210, 'ESF5206LOW', 'DISHWASHERS', 'ELECTROLUX'),
	(165189495, 'DWF137DS', 'DISHWASHERS', 'BRANDT'),
	(125317377, 'VH1772X', 'DISHWASHERS', 'BRANDT'),
	(166933759, 'G 7100 C SC', 'DISHWASHERS', 'MIELE'),
	(140199652, 'DD60SI9', 'DISHWASHERS', 'FISHER&PAYKEL'),
	(137588290, 'DD60DI9', 'DISHWASHERS', 'FISHER&PAYKEL'),
	(163079407, 'DWS-22ASG(K)', 'DISHWASHERS', 'TOSHIBA'),
	(115507221, 'SMV46MX03E', 'DISHWASHERS', 'BOSCH'),
	(93414175, 'SMS88TI03E', 'DISHWASHERS', 'BOSCH'),
	(157227747, 'CDPN 1L390PW', 'DISHWASHERS', 'CANDY'),
	(134027714, 'ESF5512LOX', 'DISHWASHERS', 'ELECTROLUX'),
	(117616374, 'SMS46MI05E', 'DISHWASHERS', 'BOSCH'),
	(165475613, 'SMU4HCS48E', 'DISHWASHERS', 'BOSCH'),
	(116067431, 'SMI46MS03E', 'DISHWASHERS', 'BOSCH'),
	(134315681, 'ESL5343LO', 'DISHWASHERS', 'ELECTROLUX'),
	(142677619, 'DVH1323J', 'DISHWASHERS', 'DE DIETRICH');

SELECT * FROM items;

CREATE TABLE IF NOT EXISTS public.sales
(
	outletid NUMERIC(16),
	itemid NUMERIC(64) NOT NULL,
	units NUMERIC(8) NOT NULL DEFAULT 0,
	price DECIMAL(8,2) NOT NULL DEFAULT 0,
	PRIMARY KEY(outletid, itemid)
)

TABLESPACE pg_default;

ALTER TABLE IF EXISTS public.sales
    OWNER to postgres;

INSERT INTO sales (outletid, itemid, units, price)
VALUES
	(725, 97823566, 3, 956.33),
	(725, 122212884, 2, 1295.8),
	(725, 124184210, 1, 859),
	(725, 133569980, 2, 759),
	(725, 134027714, 1, 1309),
	(725, 140199652, 1, 1399),
	(725, 143315315, 1, 1394),
	(725, 146597283, 1, 599),
	(725, 147284348, 3, 1739),
	(725, 162803615, 3, 1359),
	(725, 163010648, 1, 1034),
	(725, 167766976, 1, 1379.01),
	(871, 58664210, 2, 809),
	(871, 97823566, 39, 980),
	(871, 116120838, 3, 2699),
	(871, 122212884, 1, 1295.8),
	(871, 133569980, 29, 759),
	(871, 143315315, 6, 1399),
	(871, 146597283, 2, 599),
	(871, 147284348, 33, 1599),
	(871, 149976736, 20, 1499),
	(871, 156116514, 10, 841.5),
	(871, 157615298, 2, 1106.7),
	(871, 158043996, 1, 542),
	(871, 159694565, 2, 1440),
	(871, 159831788, 10, 1919),
	(871, 162803615, 4, 1359),
	(871, 163010648, 3, 978.99),
	(871, 165614392, 4, 2090),
	(871, 165866919, 1, 2829.01),
	(871, 165965380, 3, 2239),
	(871, 166357990, 1, 1549),
	(871, 166588328, 21, 629),
	(871, 167766976, 5, 1199),
	(871, 168172066, 23, 652.8),
	(871, 171511072, 1, 1219),
	(1034, 133569980, 1, 759),
	(1034, 162803615, 2, 1359),
	(1423, 146597283, 6, 535),
	(1423, 149976736, 7, 1449),
	(1423, 156338670, 1, 459),
	(1423, 158043996, 1, 559),
	(1423, 171641414, 1, 949),
	(1427, 58664210, 12, 809),
	(1427, 94681039, 1, 2000),
	(1427, 97823566, 46, 852.8),
	(1427, 102485644, 5, 1039),
	(1427, 117971190, 1, 4700),
	(1427, 143315315, 2, 1399),
	(1427, 155068774, 9, 2299),
	(1427, 162803615, 19, 1255),
	(1427, 165618063, 2, 2832),
	(1427, 165866919, 2, 2829.01),
	(1427, 165965380, 4, 2239),
	(1427, 166661884, 5, 3051),
	(1427, 167766976, 6, 1379.01),
	(1427, 168179252, 4, 2799),
	(1427, 168386590, 9, 3431.83),
	(1427, 165614392, 2, 2090),
	(1499, 97823566, 2, 924),
	(1499, 162803615, 2, 1309),
	(1499, 163079407, 2, 459),
	(1500, 97823566, 7, 956.33),
	(1500, 122212884, 3, 1295.8),
	(1500, 124184210, 1, 859),
	(1500, 133569980, 1, 759),
	(1500, 134027714, 1, 1309),
	(1500, 140199652, 1, 1399),
	(1500, 143315315, 1, 1394),
	(1500, 146597283, 1, 599),
	(1500, 147284348, 4, 1739),
	(1500, 162803615, 7, 1359),
	(1500, 163010648, 1, 1034),
	(1500, 167766976, 1, 1379.01),
	(1526, 133569980, 1, 759),
	(1526, 162803615, 2, 1359),
	(1554, 58664210, 1, 899),
	(1554, 97823566, 5, 847),
	(1554, 116156915, 3, 2301.5),
	(1554, 116300240, 1, 1680),
	(1554, 116506432, 1, 1449),
	(1554, 133569980, 2, 739),
	(1554, 140199895, 1, 1499),
	(1554, 149976736, 5, 1375),
	(1554, 162803615, 5, 1359),
	(1554, 166357990, 1, 1699),
	(1554, 167766976, 1, 1459),
	(1867, 146597283, 4, 535),
	(1867, 149976736, 3, 1449),
	(1867, 156338670, 1, 459),
	(1867, 158043996, 1, 559),
	(1867, 171641414, 1, 949),
	(2795, 58664210, 6, 809),
	(2795, 97823566, 16, 852.8),
	(2795, 102485644, 2, 1039),
	(2795, 124184210, 1, 779),
	(2795, 133569980, 3, 689.01),
	(2795, 158043996, 4, 542),
	(2795, 159831788, 2, 1919),
	(2795, 162803615, 3, 1151),
	(2795, 163079407, 1, 459),
	(2795, 164516251, 1, 609),
	(2795, 165189495, 2, 689.01),
	(2795, 165614392, 1, 1979),
	(2795, 165618063, 1, 2832),
	(2795, 165866919, 1, 2829.01),
	(2795, 165965380, 2, 2239),
	(2795, 166588328, 4, 629),
	(2795, 167766976, 3, 1379.01),
	(2797, 58664210, 18, 996.5),
	(2797, 97823566, 10, 869),
	(2797, 102485644, 1, 1039),
	(2797, 115507221, 1, 2239),
	(2797, 116156915, 2, 2150),
	(2797, 124184210, 1, 740),
	(2797, 125317377, 2, 929),
	(2797, 133569980, 3, 689.01),
	(2797, 137588290, 2, 2129.5),
	(2797, 149976736, 3, 1569.01),
	(2797, 156338670, 1, 539),
	(2797, 158043996, 3, 539),
	(2797, 162803615, 9, 1329),
	(2797, 163010648, 2, 879.5),
	(2797, 163079407, 1, 459),
	(2797, 164516251, 10, 604),
	(2797, 165189495, 6, 722.34),
	(2797, 165827964, 2, 1459),
	(2797, 165866919, 4, 2744.51),
	(2797, 165965380, 1, 2239),
	(2797, 166357990, 2, 1459),
	(2797, 166588328, 1, 649),
	(2797, 166933759, 2, 2299),
	(2797, 167766976, 1, 1379.01),
	(2797, 168179252, 1, 2799),
	(2798, 97823566, 1, 999),
	(2798, 133569980, 1, 689),
	(2798, 149976736, 1, 1559),
	(2860, 97823566, 2, 1099),
	(2860, 140199652, 1, 1399),
	(2860, 147284348, 5, 1689.5),
	(2860, 149976736, 1, 1559),
	(2860, 157227747, 4, 699),
	(2860, 159831788, 2, 1875),
	(2860, 163079407, 1, 459),
	(2861, 58664210, 1, 884.3),
	(2861, 97823566, 6, 949),
	(2861, 133569980, 1, 759),
	(2861, 146597283, 1, 599),
	(2861, 147284348, 2, 1695),
	(2861, 149976736, 2, 1554),
	(2861, 162803615, 2, 1359),
	(2861, 165866919, 1, 3099),
	(2861, 167766976, 7, 1282),
	(2862, 93414175, 1, 2399),
	(2862, 97823566, 77, 996.5),
	(2862, 116156915, 7, 2399),
	(2862, 116300240, 6, 1607),
	(2862, 116506432, 1, 1499),
	(2862, 117616374, 1, 1599),
	(2862, 122212884, 9, 1299),
	(2862, 124184210, 2, 859),
	(2862, 133569980, 12, 688),
	(2862, 137588290, 6, 2299),
	(2862, 140199652, 5, 1399),
	(2862, 140199895, 7, 1439.33),
	(2862, 143315315, 1, 1499),
	(2862, 146597283, 1, 599),
	(2862, 147284348, 3, 1555),
	(2862, 149976736, 16, 1497.67),
	(2862, 157227747, 4, 699),
	(2862, 157615298, 1, 1299),
	(2862, 159831788, 8, 1919),
	(2862, 162803615, 100, 1341.29),
	(2862, 163010648, 16, 1099),
	(2862, 163079407, 10, 459),
	(2862, 165614392, 1, 1899),
	(2862, 165618063, 6, 2839.2),
	(2862, 165827964, 2, 1699),
	(2862, 165866919, 1, 2599),
	(2862, 165965380, 15, 2449.16),
	(2862, 166357990, 4, 1699),
	(2862, 167766976, 49, 1454.41),
	(3047, 97823566, 8, 901.45),
	(3047, 116300240, 1, 1699),
	(3047, 143315315, 1, 1399),
	(3047, 162803615, 7, 1359),
	(3047, 163079407, 2, 459),
	(3056, 58664210, 1, 929),
	(3056, 116156915, 1, 2199),
	(3056, 116506432, 1, 1399),
	(3056, 133569980, 1, 729),
	(3056, 140199895, 1, 1499),
	(3056, 147263475, 3, 1724),
	(3056, 147284348, 1, 1559),
	(3056, 149976736, 5, 1449),
	(3056, 155068774, 1, 2299),
	(3056, 164516251, 1, 649),
	(3059, 97823566, 12, 994),
	(3059, 116156915, 1, 2278),
	(3059, 116300240, 1, 1699),
	(3059, 125089977, 1, 899),
	(3059, 133569980, 1, 759),
	(3059, 147263475, 2, 1699),
	(3059, 147284348, 2, 1599),
	(3059, 149976736, 3, 1399),
	(3059, 156338670, 1, 498.99),
	(3059, 162803615, 3, 1449),
	(3059, 165475613, 1, 2549),
	(3059, 165866919, 1, 3099),
	(3059, 167766976, 1, 1399),
	(3060, 97823566, 9, 1039),
	(3060, 102485644, 3, 1699),
	(3060, 116156915, 1, 2099),
	(3060, 116300240, 1, 1699),
	(3060, 116506432, 3, 1399),
	(3060, 137588290, 1, 2049),
	(3060, 140199652, 2, 1239),
	(3060, 147263475, 3, 1699),
	(3060, 147284348, 2, 1799),
	(3060, 149976736, 6, 1509.01),
	(3060, 155068774, 1, 2299),
	(3060, 156338670, 1, 499.01),
	(3060, 162803615, 5, 1499),
	(3060, 163010648, 8, 978.99),
	(3060, 163079407, 1, 459),
	(3060, 167766976, 1, 1199),
	(3060, 168386590, 1, 3490),
	(3063, 97823566, 2, 1049),
	(3063, 125089977, 1, 996),
	(3063, 163010648, 1, 998.99),
	(3063, 165827964, 1, 1699),
	(3064, 94681039, 1, 2000),
	(3064, 97823566, 1, 1029),
	(3064, 102485644, 4, 1699),
	(3064, 116156915, 5, 2199),
	(3064, 116300240, 9, 1565.67),
	(3064, 116506432, 2, 1399),
	(3064, 117971190, 1, 4700),
	(3064, 122212884, 1, 1499),
	(3064, 124184210, 3, 819),
	(3064, 125089977, 2, 949),
	(3064, 125317377, 1, 899),
	(3064, 133569980, 3, 759),
	(3064, 134315681, 1, 2029),
	(3064, 137588290, 1, 2099),
	(3064, 140199652, 1, 1219),
	(3064, 147263475, 5, 1699),
	(3064, 147284348, 11, 1649),
	(3064, 149976736, 10, 1335),
	(3064, 155068774, 12, 2299),
	(3064, 163079407, 1, 459),
	(3064, 164516251, 3, 659),
	(3064, 165189495, 2, 799),
	(3064, 166661884, 6, 3051),
	(3064, 168179252, 4, 2799),
	(3064, 168386590, 14, 3431.83),
	(3065, 93414175, 1, 2099),
	(3065, 97823566, 3, 998.99),
	(3065, 102485644, 2, 1699),
	(3065, 116156915, 5, 2249),
	(3065, 116300240, 7, 1549),
	(3065, 122212884, 3, 1499),
	(3065, 133569980, 1, 700),
	(3065, 140199652, 1, 1219),
	(3065, 140199895, 5, 1482.33),
	(3065, 147263475, 4, 1699),
	(3065, 147284348, 11, 1589),
	(3065, 155068774, 11, 2299),
	(3065, 156338670, 1, 499.01),
	(3065, 162803615, 1, 1499),
	(3065, 163079407, 1, 459),
	(3065, 166661884, 3, 3305.25),
	(3065, 168179252, 1, 2799),
	(3065, 168386590, 1, 3490),
	(3124, 133569980, 1, 673.57),
	(3262, 149976736, 1, 1449),
	(3454, 97823566, 2, 849),
	(3454, 116156915, 1, 2399),
	(3454, 149976736, 1, 1599),
	(3454, 163079407, 3, 459),
	(3723, 93414175, 1, 2099),
	(3723, 97823566, 4, 1049),
	(3723, 102485644, 2, 1699),
	(3723, 116156915, 3, 2249),
	(3723, 116300240, 5, 1549),
	(3723, 122212884, 3, 1499),
	(3723, 133569980, 1, 700),
	(3723, 140199652, 2, 1399),
	(3723, 140199895, 3, 1482.33),
	(3723, 147263475, 3, 1699),
	(3723, 147284348, 9, 1629.2),
	(3723, 149976736, 1, 1559),
	(3723, 155068774, 7, 2299),
	(3723, 156338670, 1, 499.01),
	(3723, 157227747, 3, 699),
	(3723, 159831788, 2, 1875),
	(3723, 162803615, 1, 1499),
	(3723, 163079407, 2, 459),
	(3723, 166661884, 2, 3305.25),
	(3723, 168179252, 1, 2799),
	(3723, 168386590, 1, 3490),
	(3727, 124184210, 3, 740),
	(3727, 133569980, 5, 759),
	(3727, 147263475, 2, 1724),
	(3727, 147284348, 3, 1680.2),
	(3727, 149976736, 7, 1449),
	(3727, 159831788, 4, 1919),
	(3729, 102485644, 2, 1699),
	(3729, 116156915, 11, 2301.5),
	(3729, 116300240, 6, 1609),
	(3729, 116506432, 3, 1449),
	(3729, 124184210, 3, 740),
	(3729, 133569980, 5, 673),
	(3729, 137588290, 7, 2299),
	(3729, 140199652, 4, 1399),
	(3729, 140199895, 8, 1499),
	(3729, 147263475, 2, 1724),
	(3729, 147284348, 3, 1680.2),
	(3729, 149976736, 9, 1481),
	(3729, 155068774, 2, 2299),
	(3729, 159831788, 4, 1919),
	(3729, 166933759, 4, 2299),
	(3729, 168179252, 2, 2799),
	(3730, 58664210, 10, 1021.14),
	(3730, 93414175, 1, 1909),
	(3730, 97823566, 25, 967.13),
	(3730, 115507221, 2, 2239),
	(3730, 116156915, 5, 2399),
	(3730, 116300240, 6, 1549),
	(3730, 116506432, 2, 1449),
	(3730, 117616374, 4, 2189),
	(3730, 124184210, 6, 859),
	(3730, 133569980, 7, 689),
	(3730, 134027714, 3, 1309),
	(3730, 137588290, 1, 2299),
	(3730, 140199652, 5, 1399),
	(3730, 140199895, 3, 1499),
	(3730, 143315315, 3, 1399),
	(3730, 147263475, 5, 1699),
	(3730, 147284348, 19, 1638.11),
	(3730, 149976736, 16, 1469),
	(3730, 158043996, 13, 540.5),
	(3730, 159831788, 5, 1799),
	(3730, 162803615, 17, 1354.71),
	(3730, 163010648, 8, 1034),
	(3730, 165475613, 1, 2549),
	(3730, 165614392, 3, 2099),
	(3730, 165618063, 4, 2884),
	(3730, 165866919, 4, 2829.01),
	(3730, 165965380, 1, 2369),
	(3730, 166357990, 1, 1549),
	(3730, 166588328, 29, 670.8),
	(3730, 167766976, 4, 1379),
	(3730, 171511072, 2, 1219),
	(3771, 157227747, 3, 699),
	(3823, 58664210, 5, 979.5),
	(3823, 97823566, 53, 975.91),
	(3823, 116120838, 6, 2599),
	(3823, 116156915, 2, 2301.5),
	(3823, 116300240, 1, 1680),
	(3823, 116506432, 1, 1449),
	(3823, 122212884, 1, 1295.8),
	(3823, 125089977, 1, 996),
	(3823, 133569980, 10, 673),
	(3823, 140199895, 1, 1499),
	(3823, 143315315, 9, 1399),
	(3823, 146597283, 1, 599),
	(3823, 147284348, 15, 1599.81),
	(3823, 149976736, 12, 1481),
	(3823, 156116514, 4, 841.5),
	(3823, 157615298, 1, 1106.7),
	(3823, 158043996, 1, 492.9),
	(3823, 159694565, 2, 1440),
	(3823, 159831788, 5, 1919),
	(3823, 162803615, 13, 1480),
	(3823, 163010648, 6, 1099),
	(3823, 165614392, 6, 2090),
	(3823, 165827964, 2, 1699),
	(3823, 165866919, 2, 2744.51),
	(3823, 165965380, 6, 2239),
	(3823, 166357990, 4, 1590),
	(3823, 166588328, 6, 676.65),
	(3823, 167766976, 8, 1429.78),
	(3823, 168172066, 8, 652.8),
	(3823, 171511072, 2, 1280),
	(3879, 97823566, 3, 1099),
	(3879, 147284348, 7, 1632),
	(3879, 149976736, 1, 1559),
	(3879, 159831788, 2, 1875),
	(3879, 162803615, 1, 1359),
	(3931, 147284348, 1, 1649),
	(4000, 58664210, 2, 979.5),
	(4000, 97823566, 8, 975.91),
	(4000, 116120838, 3, 2599),
	(4000, 116156915, 2, 2301.5),
	(4000, 116300240, 1, 1680),
	(4000, 116506432, 1, 1449),
	(4000, 122212884, 1, 1295.8),
	(4000, 125089977, 1, 996),
	(4000, 133569980, 7, 690.12),
	(4000, 140199895, 1, 1499),
	(4000, 143315315, 3, 1399),
	(4000, 146597283, 1, 536.25),
	(4000, 147284348, 6, 1599.81),
	(4000, 149976736, 5, 1439.13),
	(4000, 156116514, 3, 841.5),
	(4000, 157615298, 1, 1106.7),
	(4000, 158043996, 1, 492.9),
	(4000, 159694565, 2, 1440),
	(4000, 159831788, 3, 1751.17),
	(4000, 162803615, 4, 1480),
	(4000, 163010648, 2, 998.99),
	(4000, 165614392, 2, 2090),
	(4000, 165827964, 1, 1699),
	(4000, 165866919, 1, 2790),
	(4000, 165965380, 3, 2369),
	(4000, 166357990, 2, 1590),
	(4000, 166588328, 5, 676.65),
	(4000, 167766976, 2, 1490),
	(4000, 168172066, 5, 652.8),
	(4000, 171511072, 1, 1280),
	(4001, 93414175, 1, 2099),
	(4001, 97823566, 4, 1049),
	(4001, 102485644, 2, 1449),
	(4001, 116156915, 3, 2249),
	(4001, 116300240, 4, 1549),
	(4001, 122212884, 3, 1499),
	(4001, 133569980, 1, 700),
	(4001, 140199652, 2, 1399),
	(4001, 140199895, 2, 1482.33),
	(4001, 147263475, 3, 1699),
	(4001, 147284348, 4, 1629.2),
	(4001, 149976736, 1, 1559),
	(4001, 155068774, 4, 2299),
	(4001, 156338670, 1, 499.01),
	(4001, 157227747, 2, 699),
	(4001, 159831788, 2, 1875),
	(4001, 162803615, 1, 1499),
	(4001, 163079407, 2, 459),
	(4001, 166661884, 2, 3305.25),
	(4001, 168179252, 1, 2799),
	(4001, 168386590, 1, 3490),
	(4223, 58664210, 28, 1021.14),
	(4223, 93414175, 1, 2099),
	(4223, 97823566, 37, 902.33),
	(4223, 102485644, 12, 1699),
	(4223, 115507221, 2, 2239),
	(4223, 116300240, 1, 1604),
	(4223, 117616374, 8, 2189),
	(4223, 122212884, 5, 1449),
	(4223, 124184210, 11, 779),
	(4223, 125317377, 12, 924),
	(4223, 133569980, 14, 621),
	(4223, 134027714, 2, 1079),
	(4223, 137588290, 1, 2079),
	(4223, 140199652, 2, 1261),
	(4223, 140199895, 1, 1441),
	(4223, 142677619, 1, 1803.29),
	(4223, 143315315, 3, 1399),
	(4223, 146597283, 5, 589),
	(4223, 147284348, 3, 1594),
	(4223, 149976736, 16, 1457),
	(4223, 156116514, 1, 819),
	(4223, 157227747, 1, 759),
	(4223, 158043996, 8, 540.5),
	(4223, 159831788, 4, 1799),
	(4223, 162803615, 30, 1294),
	(4223, 163010648, 9, 972.33),
	(4223, 163079407, 2, 459),
	(4223, 164516251, 5, 576),
	(4223, 165189495, 17, 729),
	(4223, 165614392, 7, 2099),
	(4223, 165618063, 8, 2884),
	(4223, 165866919, 6, 2829.01),
	(4223, 165965380, 1, 2369),
	(4223, 166357990, 1, 1549),
	(4223, 166588328, 19, 670.8),
	(4223, 166933759, 18, 2299),
	(4223, 167766976, 6, 1379),
	(4223, 168179252, 2, 2799),
	(4223, 171511072, 4, 1219),
	(4305, 125089977, 1, 998.99),
	(4305, 147284348, 5, 1711.5),
	(4305, 149976736, 2, 1529),
	(4305, 163079407, 1, 459),
	(4305, 165189495, 1, 749),
	(4305, 167766976, 1, 1379.01),
	(4559, 163079407, 1, 459),
	(4596, 58664210, 15, 809),
	(4596, 94681039, 2, 2000),
	(4596, 97823566, 58, 852.8),
	(4596, 102485644, 12, 1699),
	(4596, 116156915, 25, 2199),
	(4596, 116300240, 50, 1565.67),
	(4596, 116506432, 10, 1399),
	(4596, 117971190, 2, 4700),
	(4596, 122212884, 2, 1499),
	(4596, 125089977, 4, 949),
	(4596, 125317377, 2, 899),
	(4596, 137588290, 5, 2299),
	(4596, 140199652, 5, 1399),
	(4596, 143315315, 3, 1399),
	(4596, 147263475, 10, 1699),
	(4596, 147284348, 21, 1649),
	(4596, 149976736, 35, 1449),
	(4596, 155068774, 23, 2299),
	(4596, 156338670, 2, 459),
	(4596, 159831788, 4, 1919),
	(4596, 162803615, 25, 1255),
	(4596, 163079407, 8, 459),
	(4596, 164516251, 8, 659),
	(4596, 165189495, 8, 729),
	(4596, 165614392, 3, 2090),
	(4596, 165618063, 3, 2884),
	(4596, 165866919, 3, 2829.01),
	(4596, 165965380, 5, 2239),
	(4596, 166661884, 12, 3051),
	(4596, 167766976, 9, 1379),
	(4596, 168179252, 8, 2799),
	(4596, 168386590, 26, 3431.83),
	(4596, 171641414, 2, 949),
	(4597, 93414175, 1, 2399),
	(4597, 97823566, 34, 996.5),
	(4597, 116156915, 5, 2399),
	(4597, 116300240, 4, 1607),
	(4597, 116506432, 1, 1499),
	(4597, 117616374, 1, 1599),
	(4597, 122212884, 6, 1299),
	(4597, 124184210, 2, 859),
	(4597, 133569980, 7, 688),
	(4597, 137588290, 4, 2299),
	(4597, 140199652, 3, 1399),
	(4597, 140199895, 5, 1499),
	(4597, 143315315, 1, 1499),
	(4597, 147284348, 2, 1555),
	(4597, 149976736, 9, 1497.67),
	(4597, 159831788, 5, 1919),
	(4597, 162803615, 42, 1341.29),
	(4597, 163010648, 8, 1099),
	(4597, 165614392, 1, 2090),
	(4597, 165618063, 4, 2839.2),
	(4597, 165827964, 2, 1699),
	(4597, 165866919, 1, 2599),
	(4597, 165965380, 7, 2239),
	(4597, 166357990, 3, 1699),
	(4597, 167766976, 21, 1454.41),
	(4601, 58664210, 3, 809),
	(4601, 94681039, 1, 2000),
	(4601, 97823566, 8, 994),
	(4601, 102485644, 3, 1039),
	(4601, 117971190, 1, 4700),
	(4601, 124184210, 3, 779),
	(4601, 133569980, 3, 724.01),
	(4601, 134315681, 1, 2029),
	(4601, 143315315, 1, 1399),
	(4601, 147263475, 4, 1699),
	(4601, 147284348, 6, 1599),
	(4601, 149976736, 11, 1499),
	(4601, 155068774, 5, 2299),
	(4601, 159831788, 2, 1919),
	(4601, 162803615, 5, 1359),
	(4601, 165614392, 1, 1979),
	(4601, 165618063, 1, 2884),
	(4601, 165866919, 1, 3099),
	(4601, 165965380, 1, 2369),
	(4601, 166661884, 3, 3051),
	(4601, 167766976, 3, 1379.01),
	(4601, 168179252, 3, 2799),
	(4601, 168386590, 5, 3431.83),
	(4629, 58664210, 1, 998.99),
	(4629, 97823566, 3, 869),
	(4629, 116300240, 1, 1609),
	(4629, 125317377, 1, 870),
	(4629, 133569980, 3, 659),
	(4629, 147284348, 5, 1769),
	(4629, 149976736, 3, 1414.01),
	(4629, 158043996, 4, 549),
	(4629, 159831788, 2, 1809),
	(4629, 162803615, 1, 1369),
	(4629, 163010648, 1, 863),
	(4629, 164516251, 2, 609),
	(4629, 165189495, 1, 729),
	(4629, 167766976, 2, 1416),
	(4693, 58664210, 10, 996.5),
	(4693, 93414175, 1, 2399),
	(4693, 97823566, 42, 980),
	(4693, 102485644, 1, 1699),
	(4693, 115507221, 1, 2239),
	(4693, 116156915, 6, 2399),
	(4693, 116300240, 5, 1607),
	(4693, 116506432, 2, 1399),
	(4693, 117616374, 1, 1599),
	(4693, 122212884, 6, 1299),
	(4693, 124184210, 3, 779),
	(4693, 125089977, 2, 998.99),
	(4693, 125317377, 2, 929),
	(4693, 133569980, 9, 673.57),
	(4693, 137588290, 4, 2129.5),
	(4693, 140199652, 3, 1399),
	(4693, 140199895, 5, 1499),
	(4693, 143315315, 1, 1499),
	(4693, 146597283, 2, 599),
	(4693, 147263475, 2, 1724),
	(4693, 147284348, 5, 1680.2),
	(4693, 149976736, 15, 1481),
	(4693, 155068774, 1, 2299),
	(4693, 156338670, 1, 539),
	(4693, 157227747, 3, 699),
	(4693, 157615298, 1, 1299),
	(4693, 159831788, 5, 1919),
	(4693, 162803615, 48, 1340.83),
	(4693, 163010648, 9, 1099),
	(4693, 163079407, 6, 459),
	(4693, 164516251, 6, 604),
	(4693, 165189495, 5, 749),
	(4693, 165614392, 1, 2090),
	(4693, 165618063, 3, 2839.2),
	(4693, 165827964, 3, 1699),
	(4693, 165866919, 4, 2744.51),
	(4693, 165965380, 8, 2239),
	(4693, 166357990, 4, 1579),
	(4693, 166933759, 2, 2299),
	(4693, 167766976, 26, 1429.78),
	(4693, 168179252, 1, 2799),
	(4834, 147284348, 1, 1695),
	(4881, 149976736, 1, 1549),
	(4881, 155068774, 1, 2299),
	(4881, 162803615, 1, 1359),
	(4884, 116067431, 1, 1671.1),
	(4884, 116300240, 1, 1699),
	(4884, 133569980, 1, 635.15),
	(4884, 149976736, 2, 1499),
	(4884, 159831788, 1, 1919),
	(4884, 162803615, 1, 1359),
	(4884, 165614392, 1, 2277),
	(4885, 116120838, 1, 2699),
	(4885, 116156915, 1, 2399),
	(4885, 116300240, 1, 1450),
	(4885, 116506432, 1, 1299),
	(4885, 125089977, 1, 899),
	(4885, 137588290, 2, 1900),
	(4885, 140199652, 1, 1299),
	(4885, 140199895, 1, 1299),
	(4885, 149976736, 1, 1599),
	(4885, 155068774, 2, 2299),
	(4885, 163079407, 2, 459),
	(4885, 168179252, 1, 2799),
	(4885, 168386590, 1, 3490),
	(5110, 102485644, 2, 1699),
	(5110, 116156915, 11, 2301.5),
	(5110, 116300240, 6, 1609),
	(5110, 116506432, 3, 1449),
	(5110, 124184210, 3, 740),
	(5110, 133569980, 5, 673),
	(5110, 137588290, 7, 2299),
	(5110, 140199652, 4, 1399),
	(5110, 140199895, 8, 1499),
	(5110, 147263475, 2, 1724),
	(5110, 147284348, 3, 1649),
	(5110, 149976736, 9, 1481),
	(5110, 155068774, 2, 2299),
	(5110, 159831788, 4, 1919),
	(5110, 166933759, 4, 2299),
	(5110, 168179252, 2, 2799),
	(5111, 58664210, 15, 809),
	(5111, 94681039, 2, 2000),
	(5111, 97823566, 58, 852.8),
	(5111, 102485644, 12, 1699),
	(5111, 116156915, 25, 2199),
	(5111, 116300240, 50, 1565.67),
	(5111, 116506432, 10, 1399),
	(5111, 117971190, 2, 4700),
	(5111, 122212884, 2, 1499),
	(5111, 125089977, 4, 949),
	(5111, 125317377, 2, 899),
	(5111, 137588290, 5, 2299),
	(5111, 140199652, 5, 1399),
	(5111, 143315315, 3, 1399),
	(5111, 147263475, 10, 1699),
	(5111, 147284348, 21, 1649),
	(5111, 149976736, 35, 1335),
	(5111, 155068774, 23, 2299),
	(5111, 156338670, 2, 459),
	(5111, 159831788, 4, 1919),
	(5111, 162803615, 25, 1255),
	(5111, 163079407, 8, 459),
	(5111, 164516251, 8, 659),
	(5111, 165189495, 8, 799),
	(5111, 165614392, 3, 2090),
	(5111, 165618063, 3, 2884),
	(5111, 165866919, 3, 2829.01),
	(5111, 165965380, 5, 2239),
	(5111, 166661884, 12, 3051),
	(5111, 167766976, 9, 1379),
	(5111, 168179252, 8, 2799),
	(5111, 168386590, 26, 3431.83),
	(5111, 171641414, 2, 949),
	(5155, 97823566, 2, 980),
	(5155, 102485644, 2, 1699),
	(5155, 116156915, 1, 2249),
	(5155, 116300240, 2, 1599),
	(5155, 116506432, 2, 1399),
	(5155, 133569980, 2, 759),
	(5155, 137588290, 2, 2139.5),
	(5155, 147263475, 4, 1699),
	(5155, 147284348, 1, 1599),
	(5155, 149976736, 2, 1499),
	(5155, 155068774, 1, 2299),
	(5155, 163079407, 1, 459);

SELECT * FROM sales;